us-az-05.protonvpn.com.udp.ovpn,us-co-16.protonvpn.com.udp.ovpn,us-fl-52.protonvpn.com.udp.ovpn,us-ny-55.protonvpn.com.udp.ovpn
us-az-06.protonvpn.com.udp.ovpn,us-co-19.protonvpn.com.udp.ovpn,us-ga-20.protonvpn.com.udp.ovpn,us-ny-56.protonvpn.com.udp.ovpn
us-az-08.protonvpn.com.udp.ovpn,us-fl-08.protonvpn.com.udp.ovpn,us-il-20.protonvpn.com.udp.ovpn,us-tx-02.protonvpn.com.udp.ovpn
us-ca-20.protonvpn.com.udp.ovpn,us-fl-12.protonvpn.com.udp.ovpn,us-il-28.protonvpn.com.udp.ovpn,us-tx-03.protonvpn.com.udp.ovpn
us-ca-26.protonvpn.com.udp.ovpn,us-fl-13.protonvpn.com.udp.ovpn,us-il-36.protonvpn.com.udp.ovpn,us-tx-06.protonvpn.com.udp.ovpn
us-ca-27.protonvpn.com.udp.ovpn,us-fl-16.protonvpn.com.udp.ovpn,us-nj-07.protonvpn.com.udp.ovpn,us-tx-13.protonvpn.com.udp.ovpn
us-ca-30.protonvpn.com.udp.ovpn,us-fl-22.protonvpn.com.udp.ovpn,us-nj-15.protonvpn.com.udp.ovpn,us-tx-22.protonvpn.com.udp.ovpn
us-ca-32.protonvpn.com.udp.ovpn,us-fl-29.protonvpn.com.udp.ovpn,us-ny-11.protonvpn.com.udp.ovpn,us-tx-27.protonvpn.com.udp.ovpn
us-ca-39.protonvpn.com.udp.ovpn,us-fl-31.protonvpn.com.udp.ovpn,us-ny-16.protonvpn.com.udp.ovpn,us-ut-04.protonvpn.com.udp.ovpn
us-ca-40.protonvpn.com.udp.ovpn,us-fl-36.protonvpn.com.udp.ovpn,us-ny-18.protonvpn.com.udp.ovpn,us-ut-05.protonvpn.com.udp.ovpn
us-ca-54.protonvpn.com.udp.ovpn,us-fl-38.protonvpn.com.udp.ovpn,us-ny-25.protonvpn.com.udp.ovpn,us-ut-06.protonvpn.com.udp.ovpn
us-ca-56.protonvpn.com.udp.ovpn,us-fl-39.protonvpn.com.udp.ovpn,us-ny-35.protonvpn.com.udp.ovpn,us-ut-07.protonvpn.com.udp.ovpn
us-ca-63.protonvpn.com.udp.ovpn,us-fl-40.protonvpn.com.udp.ovpn,us-ny-38.protonvpn.com.udp.ovpn,us-ut-08.protonvpn.com.udp.ovpn
us-ca-64.protonvpn.com.udp.ovpn,us-fl-44.protonvpn.com.udp.ovpn,us-ny-39.protonvpn.com.udp.ovpn,us-ut-12.protonvpn.com.udp.ovpn
us-co-09.protonvpn.com.udp.ovpn,us-fl-50.protonvpn.com.udp.ovpn,us-ny-47.protonvpn.com.udp.ovpn,us-ut-16.protonvpn.com.udp.ovpn
us-co-12.protonvpn.com.udp.ovpn,us-fl-51.protonvpn.com.udp.ovpn,us-ny-52.protonvpn.com.udp.ovpn,us-az-07.protonvpn.com.udp.ovpn
us-fl-04.protonvpn.com.udp.ovpn,us-ga-25.protonvpn.com.udp.ovpn,us-ny-59.protonvpn.com.udp.ovpn,